Person ID,Gender,Age,Occupation,Sleep Duration,Quality of Sleep,Physical Activity Level,Stress Level,BMI Category,Blood Pressure,Heart Rate,Daily Steps,Sleep Disorder
174,Male,41,Lawyer,7.7,8,90,5,Normal,130/85,70,8000,
206,Male,43,Engineer,7.7,8,90,5,Normal,130/85,70,8000,
71,Male,33,Doctor,6.1,6,30,8,Normal,125/80,72,5000,
119,Female,37,Accountant,7.2,8,60,4,Normal,115/75,68,7000,
33,Female,31,Nurse,7.9,8,75,4,Normal Weight,117/76,69,6800,
8,Male,29,Doctor,7.8,7,75,6,Normal,120/80,70,8000,
100,Female,36,Teacher,7.1,8,60,4,Normal,115/75,68,7000,
143,Female,38,Accountant,7.1,8,60,4,Normal,115/75,68,7000,
213,Male,43,Engineer,7.8,8,90,5,Normal,130/85,70,8000,
29,Male,30,Doctor,7.9,7,75,6,Normal,120/80,70,8000,
363,Female,59,Nurse,8.2,9,75,3,Overweight,140/95,68,7000,Sleep Apnea
218,Male,43,Engineer,7.8,8,90,5,Normal,130/85,70,8000,
217,Male,43,Engineer,7.8,8,90,5,Normal,130/85,70,8000,
199,Male,43,Salesperson,6.5,6,45,7,Overweight,130/85,72,6000,Insomnia
283,Female,50,Nurse,6.0,6,90,8,Overweight,140/95,75,10000,Sleep Apnea
306,Female,51,Nurse,6.1,6,90,8,Overweight,140/95,75,10000,Sleep Apnea
201,Male,43,Salesperson,6.5,6,45,7,Overweight,130/85,72,6000,Insomnia
221,Female,44,Teacher,6.6,7,45,4,Overweight,135/90,65,6000,Insomnia
266,Female,48,Nurse,5.9,6,90,8,Overweight,140/95,75,10000,Sleep Apnea
21,Male,30,Doctor,7.7,7,75,6,Normal,120/80,70,8000,
54,Male,32,Doctor,7.6,7,75,6,Normal,120/80,70,8000,
182,Male,42,Lawyer,7.8,8,90,5,Normal,130/85,70,8000,
334,Female,54,Engineer,8.4,9,30,3,Normal,125/80,65,5000,
3,Male,28,Doctor,6.2,6,60,8,Normal,125/80,75,10000,
25,Male,30,Doctor,7.8,7,75,6,Normal,120/80,70,8000,
276,Female,49,Nurse,6.2,6,90,8,Overweight,140/95,75,10000,Sleep Apnea
26,Male,30,Doctor,7.9,7,75,6,Normal,120/80,70,8000,
78,Male,33,Doctor,6.0,6,30,8,Normal,125/80,72,5000,
70,Female,33,Scientist,6.2,6,50,6,Overweight,128/85,76,5500,
205,Male,43,Engineer,7.6,8,75,4,Overweight,122/80,68,6800,
291,Female,50,Nurse,6.0,6,90,8,Overweight,140/95,75,10000,Sleep Apnea
238,Female,44,Teacher,6.5,7,45,4,Overweight,135/90,65,6000,Insomnia
129,Male,38,Lawyer,7.3,8,60,5,Normal,130/85,68,8000,
147,Male,39,Lawyer,7.2,8,60,5,Normal,130/85,68,8000,Insomnia
244,Female,44,Teacher,6.5,7,45,4,Overweight,135/90,65,6000,Insomnia
173,Male,41,Lawyer,7.7,8,90,5,Normal,130/85,70,8000,
184,Male,42,Lawyer,7.8,8,90,5,Normal,130/85,70,8000,
309,Female,52,Accountant,6.6,7,45,7,Overweight,130/85,72,6000,Insomnia
350,Female,57,Nurse,8.1,9,75,3,Overweight,140/95,68,7000,Sleep Apnea
357,Female,58,Nurse,8.0,9,75,3,Overweight,140/95,68,7000,Sleep Apnea
69,Female,33,Scientist,6.2,6,50,6,Overweight,128/85,76,5500,
373,Female,59,Nurse,8.1,9,75,3,Overweight,140/95,68,7000,Sleep Apnea
227,Female,44,Teacher,6.6,7,45,4,Overweight,135/90,65,6000,Insomnia
18,Male,29,Doctor,6.0,6,30,8,Normal,120/80,70,8000,Sleep Apnea
216,Male,43,Engineer,7.8,8,90,5,Normal,130/85,70,8000,
56,Male,32,Doctor,6.0,6,30,8,Normal,125/80,72,5000,
340,Female,55,Nurse,8.1,9,75,4,Overweight,140/95,72,5000,Sleep Apnea
367,Female,59,Nurse,8.1,9,75,3,Overweight,140/95,68,7000,Sleep Apnea
257,Female,45,Teacher,6.6,7,45,4,Overweight,135/90,65,6000,Insomnia
68,Male,33,Doctor,6.0,6,30,8,Normal,125/80,72,5000,Insomnia
237,Male,44,Salesperson,6.4,6,45,7,Overweight,130/85,72,6000,Insomnia
175,Male,41,Lawyer,7.6,8,90,5,Normal,130/85,70,8000,
31,Female,30,Nurse,6.4,5,35,7,Normal Weight,130/86,78,4100,Sleep Apnea
231,Female,44,Teacher,6.6,7,45,4,Overweight,135/90,65,6000,Insomnia
204,Male,43,Engineer,6.9,6,47,7,Normal Weight,117/76,69,6800,
110,Male,37,Lawyer,7.4,8,60,5,Normal,130/85,68,8000,
287,Female,50,Nurse,6.0,6,90,8,Overweight,140/95,75,10000,Sleep Apnea
242,Male,44,Salesperson,6.3,6,45,7,Overweight,130/85,72,6000,Insomnia
85,Male,35,Software Engineer,7.5,8,60,5,Normal Weight,120/80,70,8000,
152,Male,39,Lawyer,7.2,8,60,5,Normal,130/85,68,8000,
151,Female,39,Accountant,8.0,9,80,3,Normal Weight,115/78,67,7500,
310,Female,52,Accountant,6.6,7,45,7,Overweight,130/85,72,6000,Insomnia
313,Female,52,Engineer,8.4,9,30,3,Normal,125/80,65,5000,
113,Female,37,Accountant,7.2,8,60,4,Normal,115/75,68,7000,
170,Male,41,Lawyer,7.7,8,90,5,Normal,130/85,70,8000,
260,Female,45,Teacher,6.6,7,45,4,Overweight,135/90,65,6000,Insomnia
66,Male,32,Doctor,6.2,6,30,8,Normal,125/80,72,5000,
176,Male,41,Lawyer,7.6,8,90,5,Normal,130/85,70,8000,
115,Female,37,Accountant,7.2,8,60,4,Normal,115/75,68,7000,
322,Female,53,Engineer,8.4,9,30,3,Normal,125/80,65,5000,
305,Female,51,Nurse,6.1,6,90,8,Overweight,140/95,75,10000,Sleep Apnea
4,Male,28,Sales Representative,5.9,4,30,8,Obese,140/90,85,3000,Sleep Apnea
273,Female,49,Nurse,6.1,6,90,8,Overweight,140/95,75,10000,Sleep Apnea
164,Male,40,Lawyer,7.9,8,90,5,Normal,130/85,68,8000,
293,Female,50,Nurse,6.1,6,90,8,Overweight,140/95,75,10000,Sleep Apnea
